category_title,category_slug,rollup_title,category_business_count,business_title,business_slug,town,town_slug,address,website,phone,business_id
Apparel,apparel,Retail Services,4,Captured Clothing 30A,captured-clothing-30a-grayton-beach,Grayton Beach,grayton-beach,"37 Logan Ln Ste 3, Santa Rosa Beach, FL 32459",http://30amenstore.com/,(850) 461-9098,44b1f337-8b24-429e-a6b7-468fd385bc4f
Apparel,apparel,Retail Services,4,Lululemon Grand Boulevard,lululemon-grand-boulevard,Sandestin,sandestin,"500 Grand Boulevard, Suite K-107A, Miramar Beach, FL 32550",https://shop.lululemon.com/stores/us/miramar-beach/grand-boulevard,(850) 724-8859,0dae01d8-fbab-48e3-926f-e036fd65b5bd
Apparel,apparel,Retail Services,4,30A Trading Co.,30a-trading-co-131-seacrest-beach,Seacrest Beach,seacrest-beach,"10343 E County Hwy 30A Ste 121, Seacrest, FL 32413",https://surfstyle.com/,(954) 924-9779,0bcc0123-0e3f-43d7-acc2-ca77d51240b2
Apparel,apparel,Retail Services,4,Live Well 30A,live-well-30a-watersound,Watersound,watersound,"7000 E County Hwy 30A, Watersound, FL 32461",https://livewell30agear.com/,(850) 660-5278,4c63f82f-3650-4988-b021-918f8d165a66
Architecture,architecture,Creative Services,1,Dewberry,dewberry,Santa Rosa Beach,santa-rosa-beach,"877 N County Highway 393, Santa Rosa Beach, FL 32459",https://www.dewberry.com/,(850) 571-1248,10b79df0-f1aa-4ddf-89bd-4ef22b88b24b
Chiropractic,chiropractic,Medical,3,30A Chiropractic & Wellness,30a-chiropractic-and-wellness,Inlet Beach,inlet-beach,"50 Origins Main St, Suite 203, Inlet Beach, FL 32461",https://30achiropracticandwellness.com/,(850) 842-1125,301a64b3-619a-496e-85b6-a434530dacb5
Chiropractic,chiropractic,Medical,3,Emerald Coast Chiropractic,emerald-coast-chiropractic,Sandestin,sandestin,"655 Grand Boulevard, Suite D-103, Miramar Beach, FL 32550",https://www.destinchiropractor.com/,(850) 654-1850,b41f5c22-8b74-48ca-86c0-b24ad3db80c5
Chiropractic,chiropractic,Medical,3,YOGO Spine Co.,yogo-spine-co,Santa Rosa Beach,santa-rosa-beach,"2441 US-98, Ste 103, Santa Rosa Beach, FL 32459",https://www.yogospineco.com/,(850) 407-2218,130f2452-1a6c-43aa-a50d-5d254e144858
Cleaning,cleaning,Home Services,3,Destin Cleaners,destin-cleaners,Sandestin,sandestin,"655 Grand Blvd, Ste 104, Miramar Beach, FL 32550",https://grandboulevard.com/,(850) 837-2914,dbee24c3-1ff0-4634-b7ec-ff95bfada5a8
Cleaning,cleaning,Home Services,3,B and B Cleaning Services,b-and-b-cleaning,Santa Rosa Beach,santa-rosa-beach,,https://bandbcleanfl.com/,(850) 353-1065,034701a2-499e-4794-a6d2-c5ad338ffee3
Cleaning,cleaning,Home Services,3,"Cinderella's Sisters, Inc.",cinderella-s-sisters-inc,Santa Rosa Beach,santa-rosa-beach,"55 Adams Creek Rd, DeFuniak Springs, FL 32433",,(850) 333-9718,2d535baf-0caa-4680-b48b-4369d1ee3cda
Coastal Gifts,coastal_gifts,Retail Services,1,Store ALOHA,store-aloha-blue-mountain-beach,Blue Mountain Beach,blue-mountain-beach,"2282 W County Hwy 30A, Ste 2, Santa Rosa Beach, FL 32459",https://www.facebook.com/people/Store-Aloha/100057416390111/,(850) 533-3133,7ce8e39b-c02e-4f61-bca2-3f04963fac6a
Contractors,contractors,Home Services,1,Fox Construction,fox-construction-blue-mountain-beach,Blue Mountain Beach,blue-mountain-beach,"2282 W County Highway 30A, Suite 5, Santa Rosa Beach, FL 32459",https://www.foxluxurybuilder.com/,(850) 750-7875,a3e3eba2-5a4d-4605-934e-fc3227a571b7
Coworking,coworking,Technology,2,Spaces Grand Boulevard,spaces-grand-boulevard,Sandestin,sandestin,"495 Grand Boulevard, Suite 206, Miramar Beach, FL 32550",https://www.spacesworks.com/,(855) 217-7205,cab5db58-5971-4b6e-8327-fb1875771935
Coworking,coworking,Technology,2,30A Flexspace,30a-flexspace,Santa Rosa Beach,santa-rosa-beach,"5417 E County Hwy 30A, Santa Rosa Beach, FL 32459",https://www.30aflexspace.com/,(850) 655-7112,a6bb36ca-b539-4d8f-ae6c-636102a12676
Dental,dental,Medical,5,30A Smiles,30a-smiles,Inlet Beach,inlet-beach,"12805 US-98 Ste K-201, Inlet Beach, FL 32461",https://www.30asmiles.com/,(850) 231-0070,3366ad38-865c-40b0-a19a-cd09b3576911
Dental,dental,Medical,5,Runnels Orthodontics,runnels-orthodontics,Inlet Beach,inlet-beach,"12805 US-98, Suite H202, Inlet Beach, FL 32461",https://runnelsortho.com/,(850) 269-0333,30f9bdd4-3e9d-4cfc-8e0b-123c70f198b1
Dental,dental,Medical,5,Cook Family Dentistry,cook-family-dentistry-p-a,Santa Rosa Beach,santa-rosa-beach,"2441 US-98 #107, Santa Rosa Beach, FL 32459",https://www.cookfamilydentistry.com/,(850) 622-2226,9fa53bca-7201-4177-a6a5-55ecbc4eb89c
Dental,dental,Medical,5,Stubbs Orthodontics,stubbs-orthodontics,Santa Rosa Beach,santa-rosa-beach,"11394 US-98, Unit B, Miramar Beach, FL 32550",https://stubbsortho.com/,(850) 678-8338,880656ac-91c7-4667-a411-c795593deb35
Dental,dental,Medical,5,Legacy Dental Studio,legacy-dental-studio,Watersound,watersound,"50 Origins Main St, Ste 200, Watersound, FL 32461",https://legacydental.studio/,(850) 818-9006,eae263f3-fdf7-446d-be67-7df0fc5989c1
Entertainment,entertainment,Things To Do,9,Rock Paper Scissors 30A,rock-paper-scissors-grayton-beach-fl,Grayton Beach,grayton-beach,"37 Logan Ln Ste 1, Santa Rosa Beach, FL 32459",https://www.rockpaperscissors30a.com/,(850) 502-1848,d0e06597-8f34-46aa-b8ac-2aa501b55de6
Entertainment,entertainment,Things To Do,9,The Shard Shop,the-shard-shop-grayton-beach,Grayton Beach,grayton-beach,"26 Logan Ln, Cottage E, Santa Rosa Beach, FL 32459",https://shardshop.com/,(850) 231-0544,2dd0e747-b9c3-4696-8718-f17f38246e74
Entertainment,entertainment,Things To Do,9,30A Mahjong Studio & Boutique,30a-mahjong-studio,Inlet Beach,inlet-beach,"12805 US Highway 98 E, Suite H203, Inlet Beach, FL 32461",https://30amahjongstudio.com/,(850) 896-8599,4c61e22d-6df0-426d-a071-61084c0e9251
Entertainment,entertainment,Things To Do,9,Attycat's Arcade,attycats-arcade,Inlet Beach,inlet-beach,"12805 US-98, Suite C100, Inlet Beach, FL 32461",https://attycatsarcade.com/,(850) 641-0100,f47aa61d-497c-41ab-8b50-4c0a24a60da0
Entertainment,entertainment,Things To Do,9,AMC Boulevard 10,amc-classic-boulevard-10-cinema,Sandestin,sandestin,"465 Grand Blvd, Miramar Beach, FL 32550",https://www.amctheatres.com/movie-theatres/pensacola-ft-walton-beach/amc-boulevard-10,(850) 660-5217,0dee113a-b239-4e14-aa82-23dcedc80ea6
Entertainment,entertainment,Things To Do,9,Emerald Coast Theatre Company,emerald-coast-theatre-company,Sandestin,sandestin,"560 Grand Boulevard, Suite 200, Miramar Beach, FL 32550",https://www.emeraldcoasttheatre.org/,(850) 684-0323,7c1624dc-0f1f-4ff0-addf-8de2a20f9365
Entertainment,entertainment,Things To Do,9,Burst & Bloom,burst-and-bloom,Santa Rosa Beach,santa-rosa-beach,"264 Johns Ln, Freeport, FL 32439",,(850) 585-3553,90ef755c-e921-412d-aee2-b463d958106d
Entertainment,entertainment,Things To Do,9,The Back Nine of Destin,the-back-nine-of-destin,Santa Rosa Beach,santa-rosa-beach,"4552 US Hwy 98 W, Unit 18, Santa Rosa Beach, FL 32459",https://thebackninegolf.com/miramarbeach,(850) 687-5605,de7a25da-d108-422b-bf98-5db0995a2e60
Entertainment,entertainment,Things To Do,9,Sip n Snap,sip-n-snap-seaside-fl,Seaside,seaside,"2236 E County Hwy 30A Unit 1, Santa Rosa Beach, FL 32459",,(850) 252-2678,4deaacb6-1d14-40a9-948b-99c927b9b93e
Flooring,flooring,Home Services,2,Founders Flooring Company,founders-flooring-company,Santa Rosa Beach,santa-rosa-beach,"1255 Old Jolly Bay Rd Unit B104, Freeport, FL 32439",https://foundersflooringco.com/,(850) 787-1052,2f6f997a-e467-431f-8228-6160b56b961a
Flooring,flooring,Home Services,2,Renovation Flooring,renovation-flooring,Santa Rosa Beach,santa-rosa-beach,"11714 Emerald Coast Pkwy, Miramar Beach, FL 32550",https://renovationflooring.com/,(850) 460-7295,710016af-7c43-4e32-ab6b-87c893189050
Hair Salons,hair_salons,Beauty & Wellness,8,Love Salon 30A,love-salon-30a-blue-mountain-beach,Blue Mountain Beach,blue-mountain-beach,"29 Village Blvd Ste B102, Santa Rosa Beach, FL 32459",https://lovesalons.us/,(850) 583-0639,3cfb334c-be24-441a-a3e1-f8c64772dd2e
Hair Salons,hair_salons,Beauty & Wellness,8,SkyeBlu Salon,skyeblu-salon-blue-mountain-beach,Blue Mountain Beach,blue-mountain-beach,"2050 W County Hwy 30A, Ste M1-116, Santa Rosa Beach, FL 32459",https://www.skyeblusalon.com/,(850) 622-3220,c6fd318c-ded4-4759-91fa-b818891d1802
Hair Salons,hair_salons,Beauty & Wellness,8,Halo Salon and Blowout Bar,halo-salon-and-blowout-bar,Inlet Beach,inlet-beach,"26 Origins Main Street, Suite 102, Inlet Beach, FL 32461",https://halosalon30a.com/,(850) 909-0033,9ae3cb07-5131-4e17-af78-7364850ec563
Hair Salons,hair_salons,Beauty & Wellness,8,Rolland’s Beauty Bar,rollands-beauty-bar,Inlet Beach,inlet-beach,"12805 US-98 E, Suite F101, Inlet Beach, FL 32461",https://www.rollandsbeautybar.com/,(850) 231-6085,08d6d4f5-63d7-4630-8a97-ec950faaf7d1
Hair Salons,hair_salons,Beauty & Wellness,8,Drybar Grand Boulevard,drybar-grand-boulevard,Sandestin,sandestin,"755 Grand Blvd, Ste B-99, Miramar Beach, FL 32550",https://www.drybarshops.com/,(850) 659-2370,84f81a97-4927-4cb3-8fa4-92244e86336f
Hair Salons,hair_salons,Beauty & Wellness,8,Pure Collective Salon,pure-collective-salon,Sandestin,sandestin,"600 Grand Boulevard, Suite 102, Miramar Beach, FL 32550",https://purecollectivesalon.com/,(850) 460-4965,67ba2ead-f253-4542-ac9c-479996b99d12
Hair Salons,hair_salons,Beauty & Wellness,8,A List Salon,a-list-hair-salon,Seagrove Beach,seagrove-beach,"3723 E County Hwy 30A, Suite 3, Santa Rosa Beach, FL 32459",,(850) 231-7333,7196e558-7bdd-4596-a53f-77bcee7bdd6f
Hair Salons,hair_salons,Beauty & Wellness,8,MH Salon 30A,mh-salon-watersound,Watersound,watersound,"25 Hub Ln, Watersound, FL 32461",https://www.mhsalon30a.com/,(850) 387-7907,eeffcedc-a96e-4d95-a19a-385a8b16cae0
Handyman,handyman,Home Services,2,Ace Handyman Services Panama City,ace-handyman-services-panama-city,Santa Rosa Beach,santa-rosa-beach,"107 Estes Place, Suite 101, Panama City Beach, FL 32413",https://www.acehandymanservices.com/offices/panama-city,(850) 610-0778,15a51be5-5c0e-4319-a87a-b469ba091e63
Handyman,handyman,Home Services,2,Reputable Home Services,reputable-home-services,Santa Rosa Beach,santa-rosa-beach,,,(623) 695-0269,30aee940-7077-4026-ad2d-6bc86b703b2c
Home & Gifts,home_and_gifts,Shopping,1,The Stalls Mercantile,the-stalls-mercantile-blue-mountain-beach,Blue Mountain Beach,blue-mountain-beach,"2260 W County Hwy 30A, Santa Rosa Beach, FL 32459",https://stallsof30a.com/,(850) 744-0040,87f60172-f579-4e39-9a72-cf595f03e316
Home Improvement,home_improvement,Home Services,8,Kitchens Etc.,kitchens-etc-blue-mountain-beach,Blue Mountain Beach,blue-mountain-beach,"2282 W County Hwy 30A, Suite 4, Santa Rosa Beach, FL 32459",http://www.kitchensetcfl.com/,(850) 622-4081,456bc1e6-3cdd-4d03-8d5d-6fdf7966d731
Home Improvement,home_improvement,Home Services,8,California Closets - Emerald Coast,california-closets,Santa Rosa Beach,santa-rosa-beach,"111 N County Hwy 393 Suite 304, Santa Rosa Beach, FL 32459",https://www.californiaclosets.com/,(850) 660-5222,f159c7ca-6920-42f4-bfa9-eda9f255cb18
Home Improvement,home_improvement,Home Services,8,Coastal Cabinets and Countertops,coastal-cabinets-and-countertops,Santa Rosa Beach,santa-rosa-beach,"12889 Emerald Coast Pkwy Suite 109-A, Miramar Beach, FL 32550",https://www.coastalcabinetsandcounters.com/,(850) 424-3940,90e7a56f-94cc-44a2-9832-6e0437f132ed
Home Improvement,home_improvement,Home Services,8,"Murphy's Home Services, Inc.",murphys-home-services-inc,Santa Rosa Beach,santa-rosa-beach,"200 Industrial Park Rd Unit B, Destin, FL 32541",https://murphyshomeservices.com/,(850) 650-1699,28692098-b320-4459-92b0-82f10d40f14a
Home Improvement,home_improvement,Home Services,8,N-Hance of the Emerald Coast,n-hance-of-the-emerald-coast,Santa Rosa Beach,santa-rosa-beach,"Destin, FL 32541",https://www.nhance.com/emeraldcoast/,(850) 963-4131,ca2f7040-6b91-406f-b4c5-ca0e89f16e62
Home Improvement,home_improvement,Home Services,8,Planetsecure IP Cameras LLC,planetsecure-ip-cameras-llc,Santa Rosa Beach,santa-rosa-beach,"5008 US Highway 98 West, Unit 3, Santa Rosa Beach, FL 32459",https://www.planetsecure.net/,(850) 278-6226,62938377-9c20-46fa-9c51-e0a3479004f8
Home Improvement,home_improvement,Home Services,8,"Sea Side Maintenance, LLC",sea-side-maintenance-llc,Santa Rosa Beach,santa-rosa-beach,"194 Stonegate Circle, Santa Rosa Beach, FL 32459",,(850) 829-0669,54216e14-b8c8-43e7-9056-93e47744f9f6
Home Improvement,home_improvement,Home Services,8,ShelfGenie of Pensacola - Panama City,shelfgenie-of-pensacola-panama-city,Santa Rosa Beach,santa-rosa-beach,"4862 Leyland Ln, Crestview, FL 32536",https://www.shelfgenie.com/pensacola-panama-city,(850) 985-3376,421a1ac2-550e-4e5b-8fd1-fd414a528206
Home Inspection,home_inspection,Home Services,1,Cornerstone Home Inspectors,cornerstone-home-inspectors,Santa Rosa Beach,santa-rosa-beach,"100 Ridgewalk Cir, Santa Rosa Beach, FL 32459",https://cornerstonehomeinspectors.com/,(850) 608-9697,5da87339-8e8a-4f72-8c67-7a643358fd3f
Hotels & Resorts,hotels_and_resorts,Places to Stay,5,Rosemary Beach Inn,rosemary-beach-inn,Rosemary Beach,rosemary-beach,"78 Main Street, Rosemary Beach, FL 32461",https://www.therosemarybeachinn.com/,(844) 865-5783,5eeafdbf-ea32-4a5c-a007-767fe4b6f5c9
Hotels & Resorts,hotels_and_resorts,Places to Stay,5,The Pearl Hotel,the-pearl-hotel-rosemary-beach,Rosemary Beach,rosemary-beach,"63 Main St, Rosemary Beach, FL 32461",https://thepearlrb.com/,(850) 588-2881,f4f1dab4-124a-4733-8aa7-fcf5b0459997
Hotels & Resorts,hotels_and_resorts,Places to Stay,5,Hyatt Place Sandestin at Grand Boulevard,hyatt-place-sandestin,Sandestin,sandestin,"325 Grand Blvd, Miramar Beach, FL 32550",https://www.hyatt.com/hyatt-place/en-US/ecpzs-hyatt-place-sandestin-at-grand-boulevard,(850) 650-7611,d90fe53f-fec9-49f4-8a61-85cecc290af3
Hotels & Resorts,hotels_and_resorts,Places to Stay,5,Residence Inn by Marriott Sandestin at Grand Boulevard,residence-inn-by-marriott-sandestin,Sandestin,sandestin,"300 Grand Boulevard, Miramar Beach, FL 32550",https://www.marriott.com/en-us/hotels/vpsri-residence-inn-sandestin-at-grand-boulevard/overview/,(850) 650-7811,330d5841-b4cf-4721-a0c2-2ebfec4d7341
Hotels & Resorts,hotels_and_resorts,Places to Stay,5,The Lodge 30A,the-lodge-30a-seagrove-beach,Seagrove Beach,seagrove-beach,"4721 E County Hwy 30A, Santa Rosa Beach, FL 32459",https://www.thelodge30a.com/,(850) 608-3500,8bec37b9-1c9e-48e6-baaa-edebb2cbb1a9
HVAC,hvac,Home Services,6,A Superior Mechanical,a-superior-mechanical,Santa Rosa Beach,santa-rosa-beach,"605 N County Hwy 393 Unit 5-C, Santa Rosa Beach, FL 32459",https://asuperiormechanical.com/,(850) 253-7423,eada3745-2a7b-43fd-bea0-68c1e0aeb01e
HVAC,hvac,Home Services,6,"Advantage HVAC, Plumbing, and Electrical",advantage-hvac-plumbing-and-electrical,Santa Rosa Beach,santa-rosa-beach,"113 4th St SE, Fort Walton Beach, FL 32548",https://advantagehpe.com/,(850) 438-2639,5fba65dc-d87f-487b-b1e5-ffd006c47e04
HVAC,hvac,Home Services,6,"Affordable Air Service, Inc.",affordable-air-service-inc,Santa Rosa Beach,santa-rosa-beach,"116 Bishop Tolbert Rd, Santa Rosa Beach, FL 32459",https://affordableairnow.com/,(850) 460-2648,d7b79675-7102-4c9d-b2aa-9f8e34cdcf8b
HVAC,hvac,Home Services,6,"Barineau Heating and Air Conditioning, Inc.",barineau-heating-and-air-conditioning-inc,Santa Rosa Beach,santa-rosa-beach,"7108 Laird St Suite #307B, Panama City Beach, FL 32408",https://barineauac.com/,(850) 660-5001,75af20d7-fa71-4faa-b172-48e5f0c011b8
HVAC,hvac,Home Services,6,Mills Heating & Air,mills-heating-and-air,Santa Rosa Beach,santa-rosa-beach,"225 Green Acres Rd, Fort Walton Beach, FL 32547",https://millshvac.com/,(850) 862-4796,7ebc6786-0833-42ed-83b2-0bede16210d3
HVAC,hvac,Home Services,6,"P & P Heating and Cooling Specialists, Inc",p-and-p-heating-and-cooling-specialists-inc,Santa Rosa Beach,santa-rosa-beach,"1075 N Highway 79, Bonifay, FL 32425",https://pandpheatingcooling.com/,(850) 263-2823,235f36e6-e516-48b3-ae2d-da58fb9cc43c
Insurance,insurance,Professional,6,Point South Insurance,point-south-insurance-blue-mountain-beach,Blue Mountain Beach,blue-mountain-beach,"2050 W County Hwy 30A Unit M1-109, Santa Rosa Beach, FL 32459",https://www.pointsouthinc.com/,(850) 270-7101,f7461248-0248-444d-bf42-c222ff37d4bb
Insurance,insurance,Professional,6,"Sun, Surf & Sand Insurance Services",sun-surf-and-sand-insurance-services,Sandestin,sandestin,"9375 Emerald Coast Parkway West Suite 18, Miramar Beach, FL 32550",https://www.sunsurfsandins.com/,(850) 937-7014,8a508e63-e5c0-4943-91df-626e23292f7d
Insurance,insurance,Professional,6,Adam Long - Florida Farm Bureau Insurance,adam-long-florida-farm-bureau-insurance,Santa Rosa Beach,santa-rosa-beach,"501 US Highway 90 W, DeFuniak Springs, FL 32433",https://floridafarmbureau.com/agent/fl/walton/defuniak-springs/adam-long/,(850) 208-1507,01687ac4-24dd-4f2d-a6a3-d9a8766c3e23
Insurance,insurance,Professional,6,Brandon Cervenka: Allstate Insurance,brandon-cervenka-allstate-insurance,Santa Rosa Beach,santa-rosa-beach,"2441 US-98 W Ste 105, Santa Rosa Beach, FL 32459",https://agents.allstate.com/brandon-cervenka-santa-rosa-beach-fl.html,(850) 622-0448,07e7d9d4-4856-47c0-837c-2dd7f466ae73
Insurance,insurance,Professional,6,Byron Pelt Insurance,byron-pelt-insurance,Santa Rosa Beach,santa-rosa-beach,"5417 E County Hwy 30A Ste 302, Santa Rosa Beach, FL 32459",https://www.byronpeltinsurance.com/,(850) 213-6380,84fe8d8f-1d53-460b-b6b0-017d49a7af21
Insurance,insurance,Professional,6,James Sater - State Farm Insurance Agent,james-sater-state-farm,Santa Rosa Beach,santa-rosa-beach,"111 N County Highway 393, Suite 303, Santa Rosa Beach, FL 32459",https://www.statefarm.com/agent/us/fl/santa-rosa-beach/james-sater-x8ydy9y8nak,(850) 660-5223,5df910f2-e991-4f9c-8371-7272fafcc989
Interior Design,interior_design,Creative Services,5,Kara Page Design,kara-page-design,,,,https://karapagedesign.com/,3109230120,11ddefa3-6544-47a9-866d-b8bc4165f43d
Interior Design,interior_design,Creative Services,5,Bohlert Massey Interiors,bohlert-massey-interiors,Inlet Beach,inlet-beach,"12805 US Hwy 98 E, Suite K101, Inlet Beach, FL 32461",https://www.bohlertmassey.com/,850-231-3940,fe2da394-8334-4c2f-b8df-8c17307cd2eb
Interior Design,interior_design,Creative Services,5,Summer House Lifestyle,summer-house-lifestyle,Inlet Beach,inlet-beach,"26 Origins Main St, Suite 100, Inlet Beach, FL 32461",https://summerhouselifestyle.com/,(850) 533-6679,54231fb3-fe35-4416-9e8d-27a837d07dc3
Interior Design,interior_design,Creative Services,5,30A Design Group,30a-design-group,Rosemary Beach,rosemary-beach,"1 Seacrest Dr, Rosemary Beach, FL 32461",https://30adesigngroup.com/,(770) 653-6534,3865a9fd-9797-4224-920b-c4dc6e2eeef6
Interior Design,interior_design,Creative Services,5,Tracery Interiors,tracery-interiors-rosemary-beach,Rosemary Beach,rosemary-beach,"38 Main St, Rosemary Beach, FL 32461",https://traceryinteriors.com/,(850) 231-6755,0d9940ad-a499-49d5-9932-a107f9442018
Jewelry,retail_jewelry,Retail Services,6,MERIT by Willow,merit-alys-beach,Alys Beach,alys-beach,"11 North Castle Harbour Drive, Suite 3-4, Alys Beach, FL 32461",https://meritbywillow.com/,(850) 687-4469,9e7e7614-a132-4886-8084-ca727c466cd5
Jewelry,retail_jewelry,Retail Services,6,Mignot & Co,mignot-co-jewelry-grayton-beach-fl,Grayton Beach,grayton-beach,"85 Defuniak St, Santa Rosa Beach, FL 32459",https://mignotandco.com/,(850) 231-3388,139851a3-98b3-4bae-9b2a-d5c820ac8671
Jewelry,retail_jewelry,Retail Services,6,Kendra Scott Grand Boulevard,kendra-scott-grand-boulevard,Sandestin,sandestin,"655 Grand Blvd, Suite D-108, Miramar Beach, FL 32550",https://www.kendrascott.com/,(850) 204-5270,f1db911e-9869-485e-b969-f2033491faf1
Jewelry,retail_jewelry,Retail Services,6,Jewelry of 30A,30a-jewelry,Seagrove Beach,seagrove-beach,"3723 E County Hwy 30A, Suite 4, Santa Rosa Beach, FL 32459",https://jewelryof30a.com/,(850) 213-3200,17b69b38-5582-4a4b-b21b-7bd7ec245d2c
Jewelry,retail_jewelry,Retail Services,6,Lala Links Permanent Jewelry,lala-links-permanent-jewelry-seaside-fl,Seaside,seaside,"2236 E County Hwy 30A #42, Santa Rosa Beach, FL 32459",https://lalalinks.com/,,cbaee5ca-fed7-47e6-aa00-ac2ffc08a890
Jewelry,retail_jewelry,Retail Services,6,Anthea Le Jardin,anthea-le-jardin-watersound,Watersound,watersound,"29 Hub Ln, Watersound, FL 32461",https://anthealejardin.com/,(516) 830-5758,ecb173aa-d96c-4cd0-a4cd-f340e3ec29f0
Landscaping,landscaping,Home Services,3,Costa Verde Landscaping,costa-verde-landscaping,Inlet Beach,inlet-beach,"17733 Beach Park Trail, Panama City Beach, FL 32413",https://www.costaverde-landscaping.com/,(850) 252-5378,167bea19-a042-4d02-8036-6816fba992a7
Landscaping,landscaping,Home Services,3,BrightView Landscape Services,brightview-landscape-services,Santa Rosa Beach,santa-rosa-beach,"9986 State Hwy 20 W, Bldg 100, Freeport, FL 32439",https://www.brightview.com/,(850) 650-2963,5a9c9e76-912a-49a4-9f03-6eb8841441a1
Landscaping,landscaping,Home Services,3,SiteOne Landscape Supply,siteone-landscape-supply,Santa Rosa Beach,santa-rosa-beach,"77 Shannon Ln, Santa Rosa Beach, FL 32459",https://www.siteone.com/,(850) 622-1919,7e0c574a-3d6d-4ba7-aab9-530f4fe9b5a0
Legal,legal,Professional,4,Corr Group Law,corr-group-law,Inlet Beach,inlet-beach,"12805 U.S. Hwy 98 East, Suite T201, Inlet Beach, FL 32461",https://www.corrgrouplaw.com/,469-249-2857,1de7cf6c-4cc9-4a7b-b343-2f7012a6622d
Legal,legal,Professional,4,"Dixon Injury Law, PLLC",dixon-injury-law-pllc,Sandestin,sandestin,"495 Grand Blvd #206, Miramar Beach, FL 32550",https://dixoninjuryattorney.com/,(850) 778-1008,48fda97d-489b-46f7-91ba-f779fc07c9af
Legal,legal,Professional,4,"Barker Williams, PLLC",barker-williams-pllc,Santa Rosa Beach,santa-rosa-beach,"60 Clayton Ln, Suite B, Santa Rosa Beach, FL 32459",https://barkerwilliamslaw.com/,(850) 308-7033,20b3b4ae-fbfb-4ba1-8bf8-bdfadaedcacb
Legal,legal,Professional,4,Clark Partington Attorneys at Law,clark-partington-attorneys-at-law-destin,Santa Rosa Beach,santa-rosa-beach,"1414 County Hwy 283 S, Santa Rosa Beach, FL 32459",https://clarkpartington.com/,(850) 650-3304,fb207f06-708a-4a05-a446-d77a2555b49b
Mental Health,mental_health,Medical,2,Beverly McManus Counseling,beverly-mcmanus-counseling,Santa Rosa Beach,santa-rosa-beach,"Santa Rosa Beach, FL 32459",https://www.beverlymcmanus.com/,(615) 293-5812,a27210e6-4eb7-40ca-a50f-bc6805c60c16
Mental Health,mental_health,Medical,2,Emerald Coast Mental Wellness,emerald-coast-mental-wellness,Santa Rosa Beach,santa-rosa-beach,"141 Mack Bayou Loop, Suite 301, Santa Rosa Beach, FL 32459",https://provider.kareo.com/melissa-richmond,(850) 353-3205,4a0750be-1cc6-47a9-949f-75d36fd181d0
Nail Salons,nail_salons,Beauty & Wellness,5,Grand Nails Lounge,grand-nails-lounge-watersound,Inlet Beach,inlet-beach,"11299 US Hwy 98 E, Unit C102, Inlet Beach, FL 32461",https://grandnailslounge.us/,(850) 641-0750,ecef1929-a68b-4f35-8a40-2ebf3f494d24
Nail Salons,nail_salons,Beauty & Wellness,5,Nail Garten,nail-garten-rosemary-beach,Rosemary Beach,rosemary-beach,"62 Main St, Suite 2B, Rosemary Beach, FL 32461",https://www.nailgarten.com/,(850) 966-2457,908c0b30-a83f-43e8-8460-ed52943a8a15
Nail Salons,nail_salons,Beauty & Wellness,5,Lee’s Spa & Nails,lees-spa-and-nails,Sandestin,sandestin,"755 Grand Blvd, Ste 106-B, Miramar Beach, FL 32550",https://grandboulevard.com/lees-spa-nails/,(850) 650-3590,eb667334-a414-47cf-8daf-e1db52dd6556
Nail Salons,nail_salons,Beauty & Wellness,5,Angel Nails 30A,angel-nails-watercolor,Watercolor,watercolor,"174 Watercolor Way, Ste 104, Santa Rosa Beach, FL 32459",https://angelnails30a.com/,(850) 460-1759,4e6f8d7c-487b-46b8-b5a9-2bf3f131f046
Nail Salons,nail_salons,Beauty & Wellness,5,Posh Polished 30A Nail Salon,posh-polished-nail-salon-watersound,Watersound,watersound,"33 Hub Ln, Watersound, FL 32461",https://poshpolished30a.com/,(850) 502-2770,cf5caddc-81a4-4898-a10c-eff7cbb1174b
Painting,painting,Home Services,1,"Tony's Painting of Destin, Inc.",tony-s-painting-of-destin-inc,Santa Rosa Beach,santa-rosa-beach,"716 Mars St, Destin, FL 32541",https://tonyspaintingofdestininc.com/,850-259-3404,90dd7526-4364-4098-ba22-233cf217d5bf
Pest Control,pest_control,Home Services,5,Arrow Exterminators,arrow-exterminators,Santa Rosa Beach,santa-rosa-beach,,https://www.arrowexterminators.com/,(850) 862-3631,3f8f37ae-a794-41dc-a6f9-4701dea135b4
Pest Control,pest_control,Home Services,5,Bryan Pest Control,bryan-pest-control,Santa Rosa Beach,santa-rosa-beach,"911 Don Dr, Fort Walton Beach, FL 32547",https://www.bryanpestcontrol.com/,(850) 862-3955,2df4c768-0fd4-4d5d-b5a5-5cc1c1b8cdbc
Pest Control,pest_control,Home Services,5,HomeTeam Pest Defense,hometeam-pest-defense,Santa Rosa Beach,santa-rosa-beach,"447 S Central Dr, Fort Walton Beach, FL 32547",https://pestdefense.com/,(850) 864-4109,547604bc-a64b-4b84-8e10-415a65d624a4
Pest Control,pest_control,Home Services,5,RIDD Pest Control,ridd-pest-control,Santa Rosa Beach,santa-rosa-beach,,https://www.ridd.com/,(833) 378-0537,d656b4b2-eaf3-4777-bfa7-d7be9633314b
Pest Control,pest_control,Home Services,5,TruNorth Pest Control,trunorth-pest-control,Santa Rosa Beach,santa-rosa-beach,"22602 Panama City Beach Pkwy, Panama City Beach, FL 32413",https://trunorthpest.com/,(850) 988-1852,168a1d32-4971-4c0e-a165-8c7e3260c824
Photography,photography,Creative Services,2,Coast Love Collection,coast-love-collection,,,,https://www.coastlovecollection.com,9493362745,457a1f78-ae78-471e-ac6b-33a9af1024da
Photography,photography,Creative Services,2,Modernmade Photography,modernmade-photography,Inlet Beach,inlet-beach,"12805 US Highway 98 E, Suite B204, Inlet Beach, FL 32461",https://modernmadephotography.com/,(850) 332-3791,55022846-8e32-42e6-874c-6df7d9659bb8
Plumbing,plumbing,Home Services,8,Elite Cabinet Designs,elite-cabinet-designs,Sandestin,sandestin,"11662 Emerald Coast Pkwy, Miramar Beach, FL 32550",https://elitecabinetdesigns.com/,(850) 502-4957,70671167-ac7f-4961-9360-e51e818f4103
Plumbing,plumbing,Home Services,8,Emerald Bay Plumbing,emerald-bay-plumbing-inc,Santa Rosa Beach,santa-rosa-beach,"1209 Airport Rd, Ste 10, Destin, FL 32541",https://emeraldbayplumbing.com/,(850) 837-1979,c71c19c2-96c6-4148-b06b-56e1d5432f11
Plumbing,plumbing,Home Services,8,Heritage 850 Plumbing & Gas,heritage-850-plumbing-and-gas,Santa Rosa Beach,santa-rosa-beach,,https://www.heritage850.com/,(850) 907-7500,ad29387c-7fbd-4e95-b8b8-f8f7ecd02f06
Plumbing,plumbing,Home Services,8,Holiday Beach Mechanical,holiday-beach-mechanical,Santa Rosa Beach,santa-rosa-beach,"151 Griffin Blvd, Panama City Beach, FL 32413",https://www.holidaybeachmechanical.com/,(850) 271-5999,90a71cd7-f02b-4e34-a724-03f23a16898a
Plumbing,plumbing,Home Services,8,"MetroPower, Inc.",metropower-inc,Santa Rosa Beach,santa-rosa-beach,"60 S Washington St, Freeport, FL 32439",https://www.metropower.com/,(850) 622-4099,adfa8c42-9efb-4bf5-87f6-8e80575d27db
Plumbing,plumbing,Home Services,8,"Peaden Air Conditioning, Plumbing & Electrical",peaden-air-conditioning-heating-and-plumbing,Santa Rosa Beach,santa-rosa-beach,"35 Miracle Strip Pkwy W, Fort Walton Beach, FL 32548",https://www.peaden.com/,(850) 837-2058,9a076abb-5d95-4552-bd06-1d40f0b43415
Plumbing,plumbing,Home Services,8,Prime Plumbing Services,prime-plumbing-services,Santa Rosa Beach,santa-rosa-beach,"413 Bulldog Rd, Freeport, FL 32439",https://primeplumbingservicesfl.com/,(850) 201-1808,e07aae93-a44f-4a9c-b846-40c23de5653b
Plumbing,plumbing,Home Services,8,The Green Air Group LLC,the-green-air-group-llc,Santa Rosa Beach,santa-rosa-beach,"5917 State Highway 20 E, Freeport, FL 32439",https://greenairgroup.com/,(850) 608-3065,45c0f3fe-d61b-47f5-b946-1bf1e0824cb5
Restoration,restoration,Home Services,1,Hampton Restoration Group,hampton-restoration-group,Santa Rosa Beach,santa-rosa-beach,"17703 Ashley Dr Unit A3, Panama City Beach, FL 32413",https://www.hamptonrestorationgroup.com/,(850) 866-4983,4101b1e8-2e44-46da-bc5a-3460870246fa
Security Systems,security_systems,Home Services,1,Coastal Protection Inc.,coastal-protection-inc,Santa Rosa Beach,santa-rosa-beach,"3906 US-98 Suite 25, Santa Rosa Beach, FL 32459",https://www.coastalprotect.com/,(850) 622-1667,ed55dbf7-797f-4fa9-9de0-88fb1a55d902
Spas,spas,Beauty & Wellness,6,Salon Baliage & Spa,salon-baliage-and-spa,Carillon Beach,carillon-beach,"100 Carillon Market St, Suite 202, Panama City Beach, FL 32413",https://salonbaliage.com/,(850) 235-1985,e1e4977b-d4ff-46dd-b6d4-b0b6233858db
Spas,spas,Beauty & Wellness,6,Blush Beauty Lounge Grayton Beach,blush-beauty-lounge-grayton-beach,Grayton Beach,grayton-beach,"32 East County Highway 30A, Suite 202, Santa Rosa Beach, FL 32459",https://blushbeautylounge.com/,(850) 467-8035,df60b35b-89a0-4f23-8686-d3482d07208e
Spas,spas,Beauty & Wellness,6,Spa Pearl,spa-pearl-rosemary-beach,Rosemary Beach,rosemary-beach,"63 Main St, Rosemary Beach, FL 32461",https://www.thepearlrb.com/experience/spa-pearl,(850) 460-9041,967c3674-f52f-411e-a6db-574e2f7979b4
Spas,spas,Beauty & Wellness,6,Vivo Spa 30A - Rosemary Beach,vivo-spa-rosemary-beach,Rosemary Beach,rosemary-beach,"8 Georgetown Ave, Unit B, Rosemary Beach, FL 32461",https://vivospa30a.com/,(850) 231-6801,6bc7f67a-7114-49ce-a71a-9317d307c473
Spas,spas,Beauty & Wellness,6,Restore Skin & Wellness,restore-skin-and-wellness,Santa Rosa Beach,santa-rosa-beach,"141 Mack Bayou Loop, Suite 303, Santa Rosa Beach, FL 32459",https://restoreskinwellness.com/,(850) 490-0364,af8d7a52-7624-45dc-a315-326c6c4300cd
Spas,spas,Beauty & Wellness,6,Vivo Spa 30A - at the Hub,vivo-spa-watersound,Watersound,watersound,"35 Hub Ln, Unit 35A, Watersound, FL 32461",https://vivospa30a.com/,(850) 858-2022,22267fac-ed55-4894-b68c-575aa6ca6778
Vacation Rental Management,vacation_rental_management,Rentals,5,360 Blue,360-blue,Santa Rosa Beach,santa-rosa-beach,"217 Serenoa Rd, Santa Rosa Beach, FL 32459",https://www.360blue.com/,(877) 550-2017,8f15fae6-193f-4dc8-9be3-d45dc3859c5d
Vacation Rental Management,vacation_rental_management,Rentals,5,Avari Santa Rosa Beach,avari,Santa Rosa Beach,santa-rosa-beach,,https://stayavari.com/,(850) 301-3419,3d6d4f06-e358-4fd6-89f5-83ccf6d9d282
Vacation Rental Management,vacation_rental_management,Rentals,5,Echelon Luxury Properties,echelon-luxury-properties,Santa Rosa Beach,santa-rosa-beach,"605 N County Hwy 393, Suite 11A, Santa Rosa Beach, FL 32459",https://echelonluxuryproperties.com/,(888) 843-5893,33e4b712-fa00-4d61-982a-14d96c804c92
Vacation Rental Management,vacation_rental_management,Rentals,5,Oversee,oversee,Santa Rosa Beach,santa-rosa-beach,"1231 County Road 283 S, Santa Rosa Beach, FL 32459",https://oversee.us/,(888) 290-3489,b02aeb65-8955-43d2-82ba-48203599c69d
Vacation Rental Management,vacation_rental_management,Rentals,5,Panhandle Getaways,panhandle-getaways-watersound,Watersound,watersound,"26 Hub Ln, Watersound, FL 32461",https://www.panhandlegetaways.com/,(850) 588-8125,5ca11f5a-e447-4483-a417-0877da197adb
Vacation Rentals,vacation_rentals,Places to Stay,1,Sanders Beach Rentals,sanders-beach-rentals-blue-mountain-beach,Blue Mountain Beach,blue-mountain-beach,"2050 W County Hwy 30A, Unit 121, Santa Rosa Beach, FL 32459",https://www.sandersbeachrentals.com/,(866) 460-3195,b0994b2c-4ee0-4bf9-adee-3e0a18fdb4e0
Web Development,web_development,Technology,1,Brik Agency,brik-agency,,,,https://brikagency.com,8502968344,0b202bfc-65e5-40c2-9c54-5f441f164d4e
Wellness,wellness,Beauty & Wellness,3,IV Bar 30A,iv-bar-30a-blue-mountain-beach,Blue Mountain Beach,blue-mountain-beach,"2050 W County Hwy 30A, Suite 114, Santa Rosa Beach, FL 32459",https://theclinique.com/services/hydration-therapy-iv/,(850) 622-1214,89a0c20c-29a0-4f8e-b575-e8491e907969
Wellness,wellness,Beauty & Wellness,3,VitaLife Coastal Infusions,vitalife-coastal-infusions-grayton-beach,Grayton Beach,grayton-beach,"39 Logan Ln Ste 8, Santa Rosa Beach, FL 32459",https://www.vitalife30a.com/,(850) 660-8319,0d9a6824-4af8-4b93-acfc-4328d98530e1
Wellness,wellness,Beauty & Wellness,3,Home Helpers Home Care of DeFuniak Springs,home-helpers-of-the-gulf-coast,Santa Rosa Beach,santa-rosa-beach,"1846 US Hwy 90 West Unit B, DeFuniak Springs, FL 32433",https://www.homehelpershomecare.com/defuniak-springs-fl/,(850) 308-5967,70b45a5f-e4d5-415d-8482-afd2fc9f1ab8
Windows & Doors,windows_and_doors,Home Services,8,"Beach Blinds, Draperies & More",beach-blinds-draperies-and-more,Inlet Beach,inlet-beach,"13123 E Emerald Coast Pkwy, Ste A, Inlet Beach, FL 32461",https://www.beachblindsdraperies.com/,(850) 502-5401,69e0cb53-c68f-4779-8762-0ffb84f2b151
Windows & Doors,windows_and_doors,Home Services,8,Good Windows & Doors,good-windows-and-doors,Santa Rosa Beach,santa-rosa-beach,"80 S Geronimo St Ste 1, Miramar Beach, FL 32550",https://shopdoors.co/,(850) 660-0049,8f8e1083-d608-4c1d-9102-76794d24cfcc
Windows & Doors,windows_and_doors,Home Services,8,Gotcha Covered of Santa Rosa Beach,gotcha-covered-of-santa-rosa-beach,Santa Rosa Beach,santa-rosa-beach,"3925 West County Hwy 30A, Unit F, Santa Rosa Beach, FL 32459",https://www.gotchacovered.com/santa-rosa-beach/,(850) 446-4533,5ee0940d-a509-4860-953c-a40858e15585
Windows & Doors,windows_and_doors,Home Services,8,Gulf Coast Shutter,gulf-coast-shutter,Santa Rosa Beach,santa-rosa-beach,"3820 FL-20, Freeport, FL 32439",https://gulfcoastshutter.com/,(850) 269-1066,0c1e10df-028d-43ac-8e73-f48ba56dfd42
Windows & Doors,windows_and_doors,Home Services,8,Overhead Door Company of Northwest Florida,overhead-door-company-of-northwest-florida,Santa Rosa Beach,santa-rosa-beach,"3820 FL-20, Freeport, FL 32439",https://destinoverheaddoor.com/,(850) 269-3246,173fb69e-d2a5-4e7f-9da1-4dbc5878a6c0
Windows & Doors,windows_and_doors,Home Services,8,Red Road Remodel and Gutter,red-road-remodel-and-gutter,Santa Rosa Beach,santa-rosa-beach,"300 Cabana Cay Cir Unit 525, Panama City Beach, FL 32413",https://redroadorion.com/,(850) 775-6364,5f32a391-a654-42eb-aa06-6f5513dda52c
Windows & Doors,windows_and_doors,Home Services,8,The Blind Guy of 30A,the-blind-guy-of-30a,Santa Rosa Beach,santa-rosa-beach,"116 Mc Davis Loop, Suite 102, Santa Rosa Beach, FL 32459",https://theblindguy30a.com/,(850) 687-3210,7572b87a-6b37-4ee5-bc61-3102fd7b7e25
Windows & Doors,windows_and_doors,Home Services,8,The Window Treatment & Bedding Specialists,the-window-treatment-and-bedding-specialists,Santa Rosa Beach,santa-rosa-beach,"111 N County Highway 393, Suite 302, Santa Rosa Beach, FL 32459",https://www.thewindowtreatmentspecialists.com/,(850) 622-2002,295cdd66-e9a2-4682-95d2-1bc0056dd1db
