"title","slug","town_or_area","shopping_area","category","description","excerpt","seo_title","seo_description","search_keywords","contact_information","website","source_url","markdown_writeup","business_type","item_tags","dietary_tags","meal_period_tags","atmosphere_tags","occasion_tags","qa_document","search_profile","price_level"
"Tony's Painting of Destin, Inc.","tony-s-painting-of-destin-inc","Destin","","Home Repair & Trades","Tony's Painting of Destin is a family-owned painting contractor serving Destin and surrounding areas with residential, commercial, and industrial painting services.","Tony's Painting of Destin is a family-owned painting contractor serving Destin and surrounding areas with residential, commercial, and industrial painting services.","Tony's Painting of Destin, Inc. | Painting Contractor Near 3","Find Tony's Painting of Destin, Inc., a painting contractor serving the 30A area. Services include painting, interior painting, exterior painting, cabinet paint","Tony's Painting of Destin, Inc., painting contractor, painting contractor 30A, painting contractor Watersound Origins, painting contractor Santa Rosa Beach, Painting, Interior painting, Exterior painting, Cabinet painting, Stain painting","Phone: 850-259-3404; Email: info@tonyspaintingofdestininc.com; Address: Destin, FL","https://tonyspaintingofdestininc.com/","https://tonyspaintingofdestininc.com/; https://www.bbb.org/us/fl/destin/profile/painting-contractors/tonys-painting-of-destin-inc-0683-90080969","Tony's Painting of Destin, Inc. is a service business listed on the Watersound Origins vendor list. Tony's Painting of Destin is a family-owned painting contractor serving Destin and surrounding areas with residential, commercial, and industrial painting services.

## Services

- Painting
- Interior painting
- Exterior painting
- Cabinet painting
- Stain painting
- Deck painting
- Drywall repair
- Epoxy floors

## Contact

Phone: 850-259-3404
Website: https://tonyspaintingofdestininc.com/

## Source Note
Verified from company website and BBB listing; also appears on the user-provided vendor list.","painting contractor","[""painting"", ""interior painting"", ""exterior painting"", ""cabinet painting"", ""stain painting"", ""deck painting"", ""drywall repair"", ""epoxy floors""]","[]","[]","[]","[]","What type of place is this?
Painting contractor in Destin.
What can you get here?
painting, interior painting, exterior painting, cabinet painting, stain painting, deck painting, drywall repair, epoxy floors
Who is it for?
Homeowners, property managers, locals, and visitors who need a vetted local service provider.
What occasion or situation fits?
Home maintenance, vacation-home upkeep, repairs, renovations, or local errands around 30A.
What's the atmosphere like?
This is a service provider rather than a walk-in destination. The best fit depends on availability, service area, and project scope.
What's the price range?
$$$ pricing varies by project and should be confirmed directly.","painting contractor interior exterior

Tony's Painting of Destin, Inc. is listed as a painting contractor for the Watersound Origins and 30A area. The listing supports searches for painting, interior painting, exterior painting, cabinet painting. It is most useful for homeowners, locals, property managers, and visitors who need a service provider near 30A.","3"
"Costa Verde Landscaping","costa-verde-landscaping","Panama City Beach","","Lawn, Garden & Outdoor","Costa Verde Landscaping is a full-service landscape design and maintenance company serving Bay and South Walton County areas, including Panama City Beach, Inlet Beach, and communities along 30A.","Costa Verde Landscaping is a full-service landscape design and maintenance company serving Bay and South Walton County areas, including Panama City Beach, Inlet Beach, and communities along 30A.","Costa Verde Landscaping | Landscaping Company Near 30A","Find Costa Verde Landscaping, a landscaping company serving the 30A area. Services include landscape design, landscape maintenance, residential landscaping, com","Costa Verde Landscaping, landscaping company, landscaping company 30A, landscaping company Watersound Origins, landscaping company Santa Rosa Beach, Landscape design, Landscape maintenance, Residential landscaping, Commercial landscaping, Sod","Phone: 850-252-5378; Email: support@costaverde-landscaping.com; Address: 17733 Park Beach Trail, Panama City Beach, FL 32413","https://www.costaverde-landscaping.com/","https://www.costaverde-landscaping.com/; https://www.costaverde-landscaping.com/contact; https://www.bbb.org/us/fl/panama-city-beach/profile/landscape-contractors/costa-verde-landscaping-0683-90032772","Costa Verde Landscaping is a service business listed on the Watersound Origins vendor list. Costa Verde Landscaping is a full-service landscape design and maintenance company serving Bay and South Walton County areas, including Panama City Beach, Inlet Beach, and communities along 30A.

## Services

- Landscape design
- Landscape maintenance
- Residential landscaping
- Commercial landscaping
- Sod
- Landscape installation

## Contact

Phone: 850-252-5378
Website: https://www.costaverde-landscaping.com/

## Source Note
Verified from company website and BBB listing; also appears on the user-provided vendor list.","landscaping company","[""landscape design"", ""landscape maintenance"", ""residential landscaping"", ""commercial landscaping"", ""sod"", ""landscape installation""]","[]","[]","[]","[]","What type of place is this?
Landscaping company in Panama City Beach.
What can you get here?
landscape design, landscape maintenance, residential landscaping, commercial landscaping, sod, landscape installation
Who is it for?
Homeowners, property managers, locals, and visitors who need a vetted local service provider.
What occasion or situation fits?
Home maintenance, vacation-home upkeep, repairs, renovations, or local errands around 30A.
What's the atmosphere like?
This is a service provider rather than a walk-in destination. The best fit depends on availability, service area, and project scope.
What's the price range?
$$$ pricing varies by project and should be confirmed directly.","landscaping company landscape design maintenance residential

Costa Verde Landscaping is listed as a landscaping company for the Watersound Origins and 30A area. The listing supports searches for landscape design, landscape maintenance, residential landscaping, commercial landscaping. It is most useful for homeowners, locals, property managers, and visitors who need a service provider near 30A.","3"
"Reputable Home Services","reputable-home-services","Panama City Beach","","Home Repair & Trades","Reputable Home Services is listed as a handyman and property-management service offering home maintenance, repair, small electrical and plumbing tasks, drywall, appliance installation, and personal home management.","Reputable Home Services is listed as a handyman and property-management service offering home maintenance, repair, small electrical and plumbing tasks, drywall, appliance installation, and personal home management.","Reputable Home Services | Handyman Service Near 30A","Find Reputable Home Services, a handyman service serving the 30A area. Services include home maintenance, home repair, small electrical work, small plumbing rep","Reputable Home Services, handyman service, handyman service 30A, handyman service Watersound Origins, handyman service Santa Rosa Beach, Home maintenance, Home repair, Small electrical work, Small plumbing repairs, Drywall","Phone: 623-695-0269","","https://nextdoor.com/pages/scotts-home-maintenance-repair-cave-creek-az/","Reputable Home Services is a service business listed on the Watersound Origins vendor list. Reputable Home Services is listed as a handyman and property-management service offering home maintenance, repair, small electrical and plumbing tasks, drywall, appliance installation, and personal home management.

## Services

- Home maintenance
- Home repair
- Small electrical work
- Small plumbing repairs
- Drywall
- Appliance installation
- Personal home management

## Contact

Phone: 623-695-0269

## Source Note
Found on Nextdoor; phone on the image is for home maintenance/repair and differs from the general business phone displayed on Nextdoor.","handyman service","[""home maintenance"", ""home repair"", ""small electrical work"", ""small plumbing repairs"", ""drywall"", ""appliance installation"", ""personal home management""]","[]","[]","[]","[]","What type of place is this?
Handyman service in Panama City Beach.
What can you get here?
home maintenance, home repair, small electrical work, small plumbing repairs, drywall, appliance installation, personal home management
Who is it for?
Homeowners, property managers, locals, and visitors who need a vetted local service provider.
What occasion or situation fits?
Home maintenance, vacation-home upkeep, repairs, renovations, or local errands around 30A.
What's the atmosphere like?
This is a service provider rather than a walk-in destination. The best fit depends on availability, service area, and project scope.
What's the price range?
$$ pricing varies by project and should be confirmed directly.","handyman service home maintenance repair small electrical

Reputable Home Services is listed as a handyman service for the Watersound Origins and 30A area. The listing supports searches for home maintenance, home repair, small electrical work, small plumbing repairs. It is most useful for homeowners, locals, property managers, and visitors who need a service provider near 30A.","2"
"Heritage 850 Plumbing & Gas","heritage-850-plumbing-and-gas","Santa Rosa Beach","","Home Repair & Trades","Heritage 850 Plumbing & Gas is a local plumbing and gas contractor serving the Emerald Coast and 30A communities with repairs, installations, water heaters, filtration, drains, sewer work, remodels, and gas piping.","Heritage 850 Plumbing & Gas is a local plumbing and gas contractor serving the Emerald Coast and 30A communities with repairs, installations, water heaters, filtration, drains, sewer work, remodels, and gas piping.","Heritage 850 Plumbing & Gas | Plumbing Contractor Near 30A","Find Heritage 850 Plumbing & Gas, a plumbing contractor serving the 30A area. Services include plumbing repairs, gas piping, water heaters, water filtration. Ca","Heritage 850 Plumbing & Gas, plumbing contractor, plumbing contractor 30A, plumbing contractor Watersound Origins, plumbing contractor Santa Rosa Beach, Plumbing repairs, Gas piping, Water heaters, Water filtration, Leak repair","Phone: 850-907-7500; Email: hello@heritage850.com; Address: Santa Rosa Beach, FL","https://www.heritage850.com/","https://www.heritage850.com/; https://www.heritage850.com/service-areas; https://www.bbb.org/us/fl/santa-rosa-beach/profile/plumber/heritage-850-plumbing-gas-0683-90102343","Heritage 850 Plumbing & Gas is a service business listed on the Watersound Origins vendor list. Heritage 850 Plumbing & Gas is a local plumbing and gas contractor serving the Emerald Coast and 30A communities with repairs, installations, water heaters, filtration, drains, sewer work, remodels, and gas piping.

## Services

- Plumbing repairs
- Gas piping
- Water heaters
- Water filtration
- Leak repair
- Drain clogs
- Sewer repair
- Remodel plumbing

## Contact

Phone: 850-907-7500
Website: https://www.heritage850.com/

## Source Note
Verified from company website and BBB listing; also appears on the user-provided vendor list.","plumbing contractor","[""plumbing repairs"", ""gas piping"", ""water heaters"", ""water filtration"", ""leak repair"", ""drain clogs"", ""sewer repair"", ""remodel plumbing""]","[]","[]","[]","[]","What type of place is this?
Plumbing contractor in Santa Rosa Beach.
What can you get here?
plumbing repairs, gas piping, water heaters, water filtration, leak repair, drain clogs, sewer repair, remodel plumbing
Who is it for?
Homeowners, property managers, locals, and visitors who need a vetted local service provider.
What occasion or situation fits?
Home maintenance, vacation-home upkeep, repairs, renovations, or local errands around 30A.
What's the atmosphere like?
This is a service provider rather than a walk-in destination. The best fit depends on availability, service area, and project scope.
What's the price range?
$$$ pricing varies by project and should be confirmed directly.","plumbing contractor repairs gas piping water heaters

Heritage 850 Plumbing & Gas is listed as a plumbing contractor for the Watersound Origins and 30A area. The listing supports searches for plumbing repairs, gas piping, water heaters, water filtration. It is most useful for homeowners, locals, property managers, and visitors who need a service provider near 30A.","3"
"Emerald Coast Concierge","emerald-coast-concierge","Freeport","","Transportation","Emerald Coast Concierge is a family-owned private car and chauffeur service providing airport shuttle, event, wedding, restaurant, private-airport, and corporate transportation around the Emerald Coast.","Emerald Coast Concierge is a family-owned private car and chauffeur service providing airport shuttle, event, wedding, restaurant, private-airport, and corporate transportation around the Emerald Coast.","Emerald Coast Concierge | Private Car Service Near 30A","Find Emerald Coast Concierge, a private car service serving the 30A area. Services include private car service, chauffeur service, airport shuttle, wedding tran","Emerald Coast Concierge, private car service, private car service 30A, private car service Watersound Origins, private car service Santa Rosa Beach, Private car service, Chauffeur service, Airport shuttle, Wedding transportation, Corporate transportation","Phone: 850-499-9008; Address: 18655 US 331 South, Freeport, FL 32439","https://theemeraldcoastconcierge.com/","https://nextdoor.com/pages/emerald-coast-concierge-freeport-fl/; https://transferdmc.com/company/the-emerald-coast-concierge-llc; https://www.defuniaksprings.net/DocumentCenter/View/17135/6A-Harvey","Emerald Coast Concierge is a service business listed on the Watersound Origins vendor list. Emerald Coast Concierge is a family-owned private car and chauffeur service providing airport shuttle, event, wedding, restaurant, private-airport, and corporate transportation around the Emerald Coast.

## Services

- Private car service
- Chauffeur service
- Airport shuttle
- Wedding transportation
- Corporate transportation
- Event transportation

## Contact

Phone: 850-499-9008
Website: https://theemeraldcoastconcierge.com/

## Source Note
Verified from Nextdoor, DMC Transfer, and public DeFuniak Springs document; also appears on the user-provided vendor list.","private car service","[""private car service"", ""chauffeur service"", ""airport shuttle"", ""wedding transportation"", ""corporate transportation"", ""event transportation""]","[]","[]","[]","[]","What type of place is this?
Private car service in Freeport.
What can you get here?
private car service, chauffeur service, airport shuttle, wedding transportation, corporate transportation, event transportation
Who is it for?
Homeowners, property managers, locals, and visitors who need a vetted local service provider.
What occasion or situation fits?
Home maintenance, vacation-home upkeep, repairs, renovations, or local errands around 30A.
What's the atmosphere like?
This is a service provider rather than a walk-in destination. The best fit depends on availability, service area, and project scope.
What's the price range?
$$$ pricing varies by project and should be confirmed directly.","private car service chauffeur airport shuttle

Emerald Coast Concierge is listed as a private car service for the Watersound Origins and 30A area. The listing supports searches for private car service, chauffeur service, airport shuttle, wedding transportation. It is most useful for homeowners, locals, property managers, and visitors who need a service provider near 30A.","3"
"The Tilted Louver","the-tilted-louver","Panama City Beach","","Home Design & Interiors","The Tilted Louver is a window-covering business offering custom blinds, shades, shutters, and in-home consultation.","The Tilted Louver is a window-covering business offering custom blinds, shades, shutters, and in-home consultation.","The Tilted Louver | Window Treatment Company Near 30A","Find The Tilted Louver, a window treatment company serving the 30A area. Services include custom blinds, shades, shutters, free in-home consultation. Call 850-3","The Tilted Louver, window treatment company, window treatment company 30A, window treatment company Watersound Origins, window treatment company Santa Rosa Beach, Custom blinds, Shades, Shutters, Free in-home consultation","Phone: 850-381-5131; Address: Panama City Beach, FL 32417","https://thetiltedlouver.com/","https://www.altawindowfashions.com/dealer/the-tilted-louver; https://thetiltedlouver.com/","The Tilted Louver is a service business listed on the Watersound Origins vendor list. The Tilted Louver is a window-covering business offering custom blinds, shades, shutters, and in-home consultation.

## Services

- Custom blinds
- Shades
- Shutters
- Free in-home consultation

## Contact

Phone: 850-381-5131
Website: https://thetiltedlouver.com/

## Source Note
Verified from Alta Window Fashions dealer listing and company website; phone comes from the user-provided vendor list image.","window treatment company","[""custom blinds"", ""shades"", ""shutters"", ""free in-home consultation""]","[]","[]","[]","[]","What type of place is this?
Window treatment company in Panama City Beach.
What can you get here?
custom blinds, shades, shutters, free in-home consultation
Who is it for?
Homeowners, property managers, locals, and visitors who need a vetted local service provider.
What occasion or situation fits?
Home maintenance, vacation-home upkeep, repairs, renovations, or local errands around 30A.
What's the atmosphere like?
This is a service provider rather than a walk-in destination. The best fit depends on availability, service area, and project scope.
What's the price range?
$$$ pricing varies by project and should be confirmed directly.","window treatment company custom blinds shades shutters

The Tilted Louver is listed as a window treatment company for the Watersound Origins and 30A area. The listing supports searches for custom blinds, shades, shutters, free in-home consultation. It is most useful for homeowners, locals, property managers, and visitors who need a service provider near 30A.","3"
"Beach Blinds, Draperies & More","beach-blinds-draperies-and-more","Inlet Beach","","Home Design & Interiors","Beach Blinds, Draperies & More is an Inlet Beach window-treatment studio offering custom blinds, shades, shutters, draperies, wall coverings, decorative accessories, motorization, and bedding.","Beach Blinds, Draperies & More is an Inlet Beach window-treatment studio offering custom blinds, shades, shutters, draperies, wall coverings, decorative accessories, motorization, and bedding.","Beach Blinds, Draperies & More | Window Treatment Company Ne","Find Beach Blinds, Draperies & More, a window treatment company serving the 30A area. Services include custom blinds, custom drapery, plantation shutters, outdo","Beach Blinds, Draperies & More, window treatment company, window treatment company 30A, window treatment company Watersound Origins, window treatment company Santa Rosa Beach, Custom blinds, Custom drapery, Plantation shutters, Outdoor drapery, Natural woven shades","Phone: 850-502-5401; Email: custsvc@beachblindsdraperies.com; Address: The Crossing, Suite A, 13123 E. Hwy. 98, Inlet Beach, FL 32413","https://www.beachblindsdraperies.com/","https://www.beachblindsdraperies.com/; https://www.beachblindsdraperies.com/contact; https://www.houzz.com/professionals/window-treatments/beach-blinds-draperies-and-more-pfvwus-pf~662782004","Beach Blinds, Draperies & More is a service business listed on the Watersound Origins vendor list. Beach Blinds, Draperies & More is an Inlet Beach window-treatment studio offering custom blinds, shades, shutters, draperies, wall coverings, decorative accessories, motorization, and bedding.

## Services

- Custom blinds
- Custom drapery
- Plantation shutters
- Outdoor drapery
- Natural woven shades
- Roman shades
- Solar shades
- Motorized window treatments
- Wallpaper
- Custom bedding

## Contact

Phone: 850-502-5401
Website: https://www.beachblindsdraperies.com/

## Source Note
Verified from company website, contact page, and Houzz listing; also appears on the user-provided vendor list.","window treatment company","[""custom blinds"", ""custom drapery"", ""plantation shutters"", ""outdoor drapery"", ""natural woven shades"", ""roman shades"", ""solar shades"", ""motorized window treatments"", ""wallpaper"", ""custom bedding""]","[]","[]","[]","[]","What type of place is this?
Window treatment company in Inlet Beach.
What can you get here?
custom blinds, custom drapery, plantation shutters, outdoor drapery, natural woven shades, roman shades, solar shades, motorized window treatments, wallpaper, custom bedding
Who is it for?
Homeowners, property managers, locals, and visitors who need a vetted local service provider.
What occasion or situation fits?
Home maintenance, vacation-home upkeep, repairs, renovations, or local errands around 30A.
What's the atmosphere like?
This is a service provider rather than a walk-in destination. The best fit depends on availability, service area, and project scope.
What's the price range?
$$$ pricing varies by project and should be confirmed directly.","window treatment company custom blinds drapery plantation shutters

Beach Blinds, Draperies & More is listed as a window treatment company for the Watersound Origins and 30A area. The listing supports searches for custom blinds, custom drapery, plantation shutters, outdoor drapery. It is most useful for homeowners, locals, property managers, and visitors who need a service provider near 30A.","3"
"The Blind Guy of 30A","the-blind-guy-of-30a","Santa Rosa Beach","","Home Design & Interiors","The Blind Guy of 30A is listed by BBB as a blinds business in Santa Rosa Beach.","The Blind Guy of 30A is listed by BBB as a blinds business in Santa Rosa Beach.","The Blind Guy of 30A | Window Treatment Company Near 30A","Find The Blind Guy of 30A, a window treatment company serving the 30A area. Services include blinds, window treatments, shades. Call 850-687-3210 for details.","The Blind Guy of 30A, window treatment company, window treatment company 30A, window treatment company Watersound Origins, window treatment company Santa Rosa Beach, Blinds, Window treatments, Shades","Phone: 850-687-3210; Address: 116 MC Davis Blvd, Santa Rosa Beach, FL 32459","","https://www.bbb.org/us/fl/santa-rosa-beach/profile/blinds/the-blind-guy-of-30a-0683-90091712","The Blind Guy of 30A is a service business listed on the Watersound Origins vendor list. The Blind Guy of 30A is listed by BBB as a blinds business in Santa Rosa Beach.

## Services

- Blinds
- Window treatments
- Shades

## Contact

Phone: 850-687-3210

## Source Note
Verified from BBB listing; also appears on the user-provided vendor list.","window treatment company","[""blinds"", ""window treatments"", ""shades""]","[]","[]","[]","[]","What type of place is this?
Window treatment company in Santa Rosa Beach.
What can you get here?
blinds, window treatments, shades
Who is it for?
Homeowners, property managers, locals, and visitors who need a vetted local service provider.
What occasion or situation fits?
Home maintenance, vacation-home upkeep, repairs, renovations, or local errands around 30A.
What's the atmosphere like?
This is a service provider rather than a walk-in destination. The best fit depends on availability, service area, and project scope.
What's the price range?
$$$ pricing varies by project and should be confirmed directly.","window treatment company blinds treatments shades

The Blind Guy of 30A is listed as a window treatment company for the Watersound Origins and 30A area. The listing supports searches for blinds, window treatments, shades. It is most useful for homeowners, locals, property managers, and visitors who need a service provider near 30A.","3"
"The Window Treatment & Bedding Specialists","the-window-treatment-and-bedding-specialists","Santa Rosa Beach","","Home Design & Interiors","The Window Treatment & Bedding Specialists offers custom window treatments, bedding, pillows, wallpaper, plantation shutters, blinds, solar shades, banded shades, and Lutron motorized shades in Santa Rosa Beach.","The Window Treatment & Bedding Specialists offers custom window treatments, bedding, pillows, wallpaper, plantation shutters, blinds, solar shades, banded shades, and Lutron motorized shades in Santa Rosa Beach.","The Window Treatment & Bedding Specialists | Window Treatmen","Find The Window Treatment & Bedding Specialists, a window treatment company serving the 30A area. Services include custom window treatments, plantation shutters","The Window Treatment & Bedding Specialists, window treatment company, window treatment company 30A, window treatment company Watersound Origins, window treatment company Santa Rosa Beach, Custom window treatments, Plantation shutters, Blinds, Solar shades, Banded shades","Phone: 850-622-2002; Email: wpscustomercare@gmail.com; Address: 111 North County Hwy 393, Suite 302, Santa Rosa Beach, FL 32459","https://www.thewindowtreatmentspecialists.com/","https://www.thewindowtreatmentspecialists.com/contact-us","The Window Treatment & Bedding Specialists is a service business listed on the Watersound Origins vendor list. The Window Treatment & Bedding Specialists offers custom window treatments, bedding, pillows, wallpaper, plantation shutters, blinds, solar shades, banded shades, and Lutron motorized shades in Santa Rosa Beach.

## Services

- Custom window treatments
- Plantation shutters
- Blinds
- Solar shades
- Banded shades
- Lutron motorized shades
- Custom bedding
- Pillows
- Wallpaper

## Contact

Phone: 850-622-2002
Website: https://www.thewindowtreatmentspecialists.com/

## Source Note
Verified from company contact page; also appears on the user-provided vendor list.","window treatment company","[""custom window treatments"", ""plantation shutters"", ""blinds"", ""solar shades"", ""banded shades"", ""lutron motorized shades"", ""custom bedding"", ""pillows"", ""wallpaper""]","[]","[]","[]","[]","What type of place is this?
Window treatment company in Santa Rosa Beach.
What can you get here?
custom window treatments, plantation shutters, blinds, solar shades, banded shades, lutron motorized shades, custom bedding, pillows, wallpaper
Who is it for?
Homeowners, property managers, locals, and visitors who need a vetted local service provider.
What occasion or situation fits?
Home maintenance, vacation-home upkeep, repairs, renovations, or local errands around 30A.
What's the atmosphere like?
This is a service provider rather than a walk-in destination. The best fit depends on availability, service area, and project scope.
What's the price range?
$$$ pricing varies by project and should be confirmed directly.","window treatment company custom plantation shutters blinds

The Window Treatment & Bedding Specialists is listed as a window treatment company for the Watersound Origins and 30A area. The listing supports searches for custom window treatments, plantation shutters, blinds, solar shades. It is most useful for homeowners, locals, property managers, and visitors who need a service provider near 30A.","3"
"GarageExperts of the Florida Panhandle","garageexperts-of-the-florida-panhandle","Freeport","","Home Repair & Trades","GarageExperts of the Florida Panhandle provides garage floor coatings, epoxy and polyaspartic flooring, garage cabinets, slatwall systems, overhead storage, and commercial flooring across the Florida Panhandle, including Inlet Beach and 30A-area homes.","GarageExperts of the Florida Panhandle provides garage floor coatings, epoxy and polyaspartic flooring, garage cabinets, slatwall systems, overhead storage, and commercial flooring across the Florida Panhandle, including Inlet Beach and 30A","GarageExperts of the Florida Panhandle | Garage Flooring Com","Find GarageExperts of the Florida Panhandle, a garage flooring company serving the 30A area. Services include garage epoxy flooring, polyaspartic flooring, gara","GarageExperts of the Florida Panhandle, garage flooring company, garage flooring company 30A, garage flooring company Watersound Origins, garage flooring company Santa Rosa Beach, Garage epoxy flooring, Polyaspartic flooring, Garage cabinets, Garage storage, Slatwall systems","Phone: 850-999-5582; Address: Freeport, FL","https://www.garageexperts.com/the-florida-panhandle/","https://www.garageexperts.com/the-florida-panhandle/; https://www.facebook.com/GarageExpertsFloridaPanhandle/; https://www.garageexperts.com/the-florida-panhandle/custom-garage-ideas/recent-garage-makeovers/","GarageExperts of the Florida Panhandle is a service business listed on the Watersound Origins vendor list. GarageExperts of the Florida Panhandle provides garage floor coatings, epoxy and polyaspartic flooring, garage cabinets, slatwall systems, overhead storage, and commercial flooring across the Florida Panhandle, including Inlet Beach and 30A-area homes.

## Services

- Garage epoxy flooring
- Polyaspartic flooring
- Garage cabinets
- Garage storage
- Slatwall systems
- Overhead racks
- Commercial flooring

## Contact

Phone: 850-999-5582
Website: https://www.garageexperts.com/the-florida-panhandle/

## Source Note
Verified from company website and Facebook; phone comes from the user-provided vendor list/Facebook while the website also lists a separate phone number.","garage flooring company","[""garage epoxy flooring"", ""polyaspartic flooring"", ""garage cabinets"", ""garage storage"", ""slatwall systems"", ""overhead racks"", ""commercial flooring""]","[]","[]","[]","[]","What type of place is this?
Garage flooring company in Freeport.
What can you get here?
garage epoxy flooring, polyaspartic flooring, garage cabinets, garage storage, slatwall systems, overhead racks, commercial flooring
Who is it for?
Homeowners, property managers, locals, and visitors who need a vetted local service provider.
What occasion or situation fits?
Home maintenance, vacation-home upkeep, repairs, renovations, or local errands around 30A.
What's the atmosphere like?
This is a service provider rather than a walk-in destination. The best fit depends on availability, service area, and project scope.
What's the price range?
$$$ pricing varies by project and should be confirmed directly.","garage flooring company epoxy polyaspartic cabinets

GarageExperts of the Florida Panhandle is listed as a garage flooring company for the Watersound Origins and 30A area. The listing supports searches for garage epoxy flooring, polyaspartic flooring, garage cabinets, garage storage. It is most useful for homeowners, locals, property managers, and visitors who need a service provider near 30A.","3"
"Sync Design Build Manage","sync-design-build-manage","Watersound","","Home Design & Interiors","Sync Design Build Manage is a Watersound-based design firm focused on kitchens, baths, cabinetry, interiors, remodel planning, and buildable design guidance.","Sync Design Build Manage is a Watersound-based design firm focused on kitchens, baths, cabinetry, interiors, remodel planning, and buildable design guidance.","Sync Design Build Manage | Kitchen Bath Designer Near 30A","Find Sync Design Build Manage, a kitchen bath designer serving the 30A area. Services include kitchen design, bath design, cabinetry design, interior design. Ca","Sync Design Build Manage, kitchen bath designer, kitchen bath designer 30A, kitchen bath designer Watersound Origins, kitchen bath designer Santa Rosa Beach, Kitchen design, Bath design, Cabinetry design, Interior design, Remodel planning","Phone: 571-437-3883; Address: Watersound, FL","https://www.sync-dbm.com/","https://www.sync-dbm.com/profile; https://www.houzz.com/professionals/kitchen-and-bath-designers/sync-design-pfvwus-pf~1227267983","Sync Design Build Manage is a service business listed on the Watersound Origins vendor list. Sync Design Build Manage is a Watersound-based design firm focused on kitchens, baths, cabinetry, interiors, remodel planning, and buildable design guidance.

## Services

- Kitchen design
- Bath design
- Cabinetry design
- Interior design
- Remodel planning
- Project guidance

## Contact

Phone: 571-437-3883
Website: https://www.sync-dbm.com/

## Source Note
Verified from company profile page and Houzz; also appears on the user-provided vendor list.","kitchen bath designer","[""kitchen design"", ""bath design"", ""cabinetry design"", ""interior design"", ""remodel planning"", ""project guidance""]","[]","[]","[]","[]","What type of place is this?
Kitchen bath designer in Watersound.
What can you get here?
kitchen design, bath design, cabinetry design, interior design, remodel planning, project guidance
Who is it for?
Homeowners, property managers, locals, and visitors who need a vetted local service provider.
What occasion or situation fits?
Home maintenance, vacation-home upkeep, repairs, renovations, or local errands around 30A.
What's the atmosphere like?
This is a service provider rather than a walk-in destination. The best fit depends on availability, service area, and project scope.
What's the price range?
$$$$ pricing varies by project and should be confirmed directly.","kitchen bath designer design cabinetry

Sync Design Build Manage is listed as a kitchen bath designer for the Watersound Origins and 30A area. The listing supports searches for kitchen design, bath design, cabinetry design, interior design. It is most useful for homeowners, locals, property managers, and visitors who need a service provider near 30A.","4"
"30A Design Group","30a-design-group","Rosemary Beach","","Home Design & Interiors","30A Design Group is an interior design firm associated with 30A renovation and décor projects, including interior and exterior planning, furniture, finishes, lighting, plumbing selections, and color schemes.","30A Design Group is an interior design firm associated with 30A renovation and décor projects, including interior and exterior planning, furniture, finishes, lighting, plumbing selections, and color schemes.","30A Design Group | Interior Design Firm Near 30A","Find 30A Design Group, a interior design firm serving the 30A area. Services include interior design, decor packages, renovation design, furniture selection. Ca","30A Design Group, interior design firm, interior design firm 30A, interior design firm Watersound Origins, interior design firm Santa Rosa Beach, Interior design, Decor packages, Renovation design, Furniture selection, Lighting selection","Phone: 770-653-6534; Address: 1 Seacrest Dr, Rosemary Beach, FL 32461","https://30adesigngroup.com/","https://30adesigngroup.com/; https://www.houzz.com/professionals/interior-designers-and-decorators/30a-design-group-pfvwus-pf~93436165","30A Design Group is a service business listed on the Watersound Origins vendor list. 30A Design Group is an interior design firm associated with 30A renovation and décor projects, including interior and exterior planning, furniture, finishes, lighting, plumbing selections, and color schemes.

## Services

- Interior design
- Decor packages
- Renovation design
- Furniture selection
- Lighting selection
- Plumbing fixture selection
- Color schemes

## Contact

Phone: 770-653-6534
Website: https://30adesigngroup.com/

## Source Note
Verified from company website and Houzz; also appears on the user-provided vendor list.","interior design firm","[""interior design"", ""decor packages"", ""renovation design"", ""furniture selection"", ""lighting selection"", ""plumbing fixture selection"", ""color schemes""]","[]","[]","[]","[]","What type of place is this?
Interior design firm in Rosemary Beach.
What can you get here?
interior design, decor packages, renovation design, furniture selection, lighting selection, plumbing fixture selection, color schemes
Who is it for?
Homeowners, property managers, locals, and visitors who need a vetted local service provider.
What occasion or situation fits?
Home maintenance, vacation-home upkeep, repairs, renovations, or local errands around 30A.
What's the atmosphere like?
This is a service provider rather than a walk-in destination. The best fit depends on availability, service area, and project scope.
What's the price range?
$$$$ pricing varies by project and should be confirmed directly.","interior design firm decor packages renovation

30A Design Group is listed as a interior design firm for the Watersound Origins and 30A area. The listing supports searches for interior design, decor packages, renovation design, furniture selection. It is most useful for homeowners, locals, property managers, and visitors who need a service provider near 30A.","4"
"Hampton Restoration Group","hampton-restoration-group","Panama City Beach","","Emergency & Restoration","Hampton Restoration Group provides 24/7 emergency services for residential and commercial properties damaged by water, fire, or mold, with services including mitigation, remediation, reconstruction, and roofing.","Hampton Restoration Group provides 24/7 emergency services for residential and commercial properties damaged by water, fire, or mold, with services including mitigation, remediation, reconstruction, and roofing.","Hampton Restoration Group | Restoration Company Near 30A","Find Hampton Restoration Group, a restoration company serving the 30A area. Services include water mitigation, fire restoration, mold remediation, reconstructio","Hampton Restoration Group, restoration company, restoration company 30A, restoration company Watersound Origins, restoration company Santa Rosa Beach, Water mitigation, Fire restoration, Mold remediation, Reconstruction, Roofing","Phone: 850-866-4983; Address: 17703 Ashley Dr Unit A3, Panama City Beach, FL","","https://www.bbb.org/us/ga/jasper/profile/water-mitigation/hampton-restoration-group-0443-28118292","Hampton Restoration Group is a service business listed on the Watersound Origins vendor list. Hampton Restoration Group provides 24/7 emergency services for residential and commercial properties damaged by water, fire, or mold, with services including mitigation, remediation, reconstruction, and roofing.

## Services

- Water mitigation
- Fire restoration
- Mold remediation
- Reconstruction
- Roofing
- Emergency restoration

## Contact

Phone: 850-866-4983

## Source Note
Verified from BBB listing and map listing; also appears on the user-provided vendor list.","restoration company","[""water mitigation"", ""fire restoration"", ""mold remediation"", ""reconstruction"", ""roofing"", ""emergency restoration""]","[]","[]","[]","[]","What type of place is this?
Restoration company in Panama City Beach.
What can you get here?
water mitigation, fire restoration, mold remediation, reconstruction, roofing, emergency restoration
Who is it for?
Homeowners, property managers, locals, and visitors who need a vetted local service provider.
What occasion or situation fits?
Home maintenance, vacation-home upkeep, repairs, renovations, or local errands around 30A.
What's the atmosphere like?
This is a service provider rather than a walk-in destination. The best fit depends on availability, service area, and project scope.
What's the price range?
$$$$ pricing varies by project and should be confirmed directly.","restoration company water mitigation fire mold remediation

Hampton Restoration Group is listed as a restoration company for the Watersound Origins and 30A area. The listing supports searches for water mitigation, fire restoration, mold remediation, reconstruction. It is most useful for homeowners, locals, property managers, and visitors who need a service provider near 30A.","4"
"Florida Pest Control","florida-pest-control","Panama City","","Pest Control","Florida Pest Control offers residential and commercial pest management, indoor and outdoor pest control, lawn treatment, and mosquito reduction services from its Panama City area location.","Florida Pest Control offers residential and commercial pest management, indoor and outdoor pest control, lawn treatment, and mosquito reduction services from its Panama City area location.","Florida Pest Control | Pest Control Company Near 30A","Find Florida Pest Control, a pest control company serving the 30A area. Services include residential pest control, commercial pest control, lawn treatment, mosq","Florida Pest Control, pest control company, pest control company 30A, pest control company Watersound Origins, pest control company Santa Rosa Beach, Residential pest control, Commercial pest control, Lawn treatment, Mosquito reduction, Indoor pest control","Phone: 850-763-0737; Address: 1821 N East Ave, Panama City, FL 32405","https://www.flapest.com/","https://nextdoor.com/pages/florida-pest-control-panama-city-fl/; https://www.flapest.com/mosquitoes/; https://www.claimspages.com/providers/florida-pest-control-panama-city-8507630737/","Florida Pest Control is a service business listed on the Watersound Origins vendor list. Florida Pest Control offers residential and commercial pest management, indoor and outdoor pest control, lawn treatment, and mosquito reduction services from its Panama City area location.

## Services

- Residential pest control
- Commercial pest control
- Lawn treatment
- Mosquito reduction
- Indoor pest control
- Outdoor pest control

## Contact

Phone: 850-763-0737
Website: https://www.flapest.com/

## Source Note
Verified from Nextdoor, Florida Pest Control mosquito page, and directory listing; also appears on the user-provided vendor list.","pest control company","[""residential pest control"", ""commercial pest control"", ""lawn treatment"", ""mosquito reduction"", ""indoor pest control"", ""outdoor pest control""]","[]","[]","[]","[]","What type of place is this?
Pest control company in Panama City.
What can you get here?
residential pest control, commercial pest control, lawn treatment, mosquito reduction, indoor pest control, outdoor pest control
Who is it for?
Homeowners, property managers, locals, and visitors who need a vetted local service provider.
What occasion or situation fits?
Home maintenance, vacation-home upkeep, repairs, renovations, or local errands around 30A.
What's the atmosphere like?
This is a service provider rather than a walk-in destination. The best fit depends on availability, service area, and project scope.
What's the price range?
$$ pricing varies by project and should be confirmed directly.","pest control company residential commercial lawn treatment

Florida Pest Control is listed as a pest control company for the Watersound Origins and 30A area. The listing supports searches for residential pest control, commercial pest control, lawn treatment, mosquito reduction. It is most useful for homeowners, locals, property managers, and visitors who need a service provider near 30A.","2"
"HomeTeam Pest Defense","hometeam-pest-defense","Fort Walton Beach","","Pest Control","HomeTeam Pest Defense provides pest, mosquito, and termite treatments, including the Taexx integrated pest control system for homeowners and builders.","HomeTeam Pest Defense provides pest, mosquito, and termite treatments, including the Taexx integrated pest control system for homeowners and builders.","HomeTeam Pest Defense | Pest Control Company Near 30A","Find HomeTeam Pest Defense, a pest control company serving the 30A area. Services include pest control, mosquito treatments, termite treatments, taexx pest cont","HomeTeam Pest Defense, pest control company, pest control company 30A, pest control company Watersound Origins, pest control company Santa Rosa Beach, Pest control, Mosquito treatments, Termite treatments, Taexx pest control system, Builder pest services","Phone: 850-864-4109; Address: 447 S Central Dr, Fort Walton Beach, FL 32547","https://pestdefense.com/","https://pestdefense.com/destin/; https://nextdoor.com/pages/hometeam-pest-defense-fort-walton-beach-fl-2/; https://www.bbb.org/us/fl/fort-walton-beach/profile/pest-control/hometeam-pest-defense-0683-90033940","HomeTeam Pest Defense is a service business listed on the Watersound Origins vendor list. HomeTeam Pest Defense provides pest, mosquito, and termite treatments, including the Taexx integrated pest control system for homeowners and builders.

## Services

- Pest control
- Mosquito treatments
- Termite treatments
- Taexx pest control system
- Builder pest services

## Contact

Phone: 850-864-4109
Website: https://pestdefense.com/

## Source Note
Verified from company page, Nextdoor, and BBB; also appears on the user-provided vendor list.","pest control company","[""pest control"", ""mosquito treatments"", ""termite treatments"", ""taexx pest control system"", ""builder pest services""]","[]","[]","[]","[]","What type of place is this?
Pest control company in Fort Walton Beach.
What can you get here?
pest control, mosquito treatments, termite treatments, taexx pest control system, builder pest services
Who is it for?
Homeowners, property managers, locals, and visitors who need a vetted local service provider.
What occasion or situation fits?
Home maintenance, vacation-home upkeep, repairs, renovations, or local errands around 30A.
What's the atmosphere like?
This is a service provider rather than a walk-in destination. The best fit depends on availability, service area, and project scope.
What's the price range?
$$ pricing varies by project and should be confirmed directly.","pest control company mosquito treatments termite

HomeTeam Pest Defense is listed as a pest control company for the Watersound Origins and 30A area. The listing supports searches for pest control, mosquito treatments, termite treatments, taexx pest control system. It is most useful for homeowners, locals, property managers, and visitors who need a service provider near 30A.","2"
"Arrow Exterminators","arrow-exterminators","Emerald Coast","","Pest Control","Arrow Exterminators is listed as a pest-control provider on the Watersound Origins vendor list and is a regional pest-control company offering pest, termite, mosquito, and wildlife services.","Arrow Exterminators is listed as a pest-control provider on the Watersound Origins vendor list and is a regional pest-control company offering pest, termite, mosquito, and wildlife services.","Arrow Exterminators | Pest Control Company Near 30A","Find Arrow Exterminators, a pest control company serving the 30A area. Services include pest control, termite control, mosquito control, wildlife control. Call ","Arrow Exterminators, pest control company, pest control company 30A, pest control company Watersound Origins, pest control company Santa Rosa Beach, Pest control, Termite control, Mosquito control, Wildlife control","Phone: 866-535-9246","https://www.arrowexterminators.com/","User-provided Watersound Origins vendor list image; https://www.arrowexterminators.com/","Arrow Exterminators is a service business listed on the Watersound Origins vendor list. Arrow Exterminators is listed as a pest-control provider on the Watersound Origins vendor list and is a regional pest-control company offering pest, termite, mosquito, and wildlife services.

## Services

- Pest control
- Termite control
- Mosquito control
- Wildlife control

## Contact

Phone: 866-535-9246
Website: https://www.arrowexterminators.com/

## Source Note
Business name and phone came from user-provided vendor list; website is the company site.","pest control company","[""pest control"", ""termite control"", ""mosquito control"", ""wildlife control""]","[]","[]","[]","[]","What type of place is this?
Pest control company in Emerald Coast.
What can you get here?
pest control, termite control, mosquito control, wildlife control
Who is it for?
Homeowners, property managers, locals, and visitors who need a vetted local service provider.
What occasion or situation fits?
Home maintenance, vacation-home upkeep, repairs, renovations, or local errands around 30A.
What's the atmosphere like?
This is a service provider rather than a walk-in destination. The best fit depends on availability, service area, and project scope.
What's the price range?
$$ pricing varies by project and should be confirmed directly.","pest control company termite mosquito

Arrow Exterminators is listed as a pest control company for the Watersound Origins and 30A area. The listing supports searches for pest control, termite control, mosquito control, wildlife control. It is most useful for homeowners, locals, property managers, and visitors who need a service provider near 30A.","2"
"RIDD Pest Control","ridd-pest-control","Emerald Coast","","Pest Control","RIDD Pest Control is listed as a pest-control provider on the Watersound Origins vendor list and has a public customer phone of 833-372-1850.","RIDD Pest Control is listed as a pest-control provider on the Watersound Origins vendor list and has a public customer phone of 833-372-1850.","RIDD Pest Control | Pest Control Company Near 30A","Find RIDD Pest Control, a pest control company serving the 30A area. Services include pest control, residential pest control, commercial pest control. Call 833-","RIDD Pest Control, pest control company, pest control company 30A, pest control company Watersound Origins, pest control company Santa Rosa Beach, Pest control, Residential pest control, Commercial pest control","Phone: 833-372-1850","https://www.ridd.com/","https://www.ridd.com/privacy-policy; https://www.datanyze.com/companies/ridd-pest-control/1313151314","RIDD Pest Control is a service business listed on the Watersound Origins vendor list. RIDD Pest Control is listed as a pest-control provider on the Watersound Origins vendor list and has a public customer phone of 833-372-1850.

## Services

- Pest control
- Residential pest control
- Commercial pest control

## Contact

Phone: 833-372-1850
Website: https://www.ridd.com/

## Source Note
Phone verified from RIDD website privacy page and company directory profile; also appears on the user-provided vendor list.","pest control company","[""pest control"", ""residential pest control"", ""commercial pest control""]","[]","[]","[]","[]","What type of place is this?
Pest control company in Emerald Coast.
What can you get here?
pest control, residential pest control, commercial pest control
Who is it for?
Homeowners, property managers, locals, and visitors who need a vetted local service provider.
What occasion or situation fits?
Home maintenance, vacation-home upkeep, repairs, renovations, or local errands around 30A.
What's the atmosphere like?
This is a service provider rather than a walk-in destination. The best fit depends on availability, service area, and project scope.
What's the price range?
$$ pricing varies by project and should be confirmed directly.","pest control company residential commercial

RIDD Pest Control is listed as a pest control company for the Watersound Origins and 30A area. The listing supports searches for pest control, residential pest control, commercial pest control. It is most useful for homeowners, locals, property managers, and visitors who need a service provider near 30A.","2"
"B & B Cleaning","b-and-b-cleaning","Watersound Origins","","Cleaning & Home Care","B & B Cleaning is listed as a house-cleaning provider on the Watersound Origins vendor list and promotes home, deep, and post-party cleaning services.","B & B Cleaning is listed as a house-cleaning provider on the Watersound Origins vendor list and promotes home, deep, and post-party cleaning services.","B & B Cleaning | Cleaning Service Near 30A","Find B & B Cleaning, a cleaning service serving the 30A area. Services include house cleaning, deep cleaning, post-party cleaning, home cleaning. Call 850-353-1","B & B Cleaning, cleaning service, cleaning service 30A, cleaning service Watersound Origins, cleaning service Santa Rosa Beach, House cleaning, Deep cleaning, Post-party cleaning, Home cleaning","Phone: 850-353-1065","https://bandbcleanfl.com/","https://www.instagram.com/bandbclean.fl/; https://www.facebook.com/bandbclean.fl/posts/-great-party-now-lets-get-your-house-back-to-spotless-let-us-handle-the-mess-and/1177549487720171/","B & B Cleaning is a service business listed on the Watersound Origins vendor list. B & B Cleaning is listed as a house-cleaning provider on the Watersound Origins vendor list and promotes home, deep, and post-party cleaning services.

## Services

- House cleaning
- Deep cleaning
- Post-party cleaning
- Home cleaning

## Contact

Phone: 850-353-1065
Website: https://bandbcleanfl.com/

## Source Note
Verified from Instagram/Facebook search snippets; also appears on the user-provided vendor list.","cleaning service","[""house cleaning"", ""deep cleaning"", ""post-party cleaning"", ""home cleaning""]","[]","[]","[]","[]","What type of place is this?
Cleaning service in Watersound Origins.
What can you get here?
house cleaning, deep cleaning, post-party cleaning, home cleaning
Who is it for?
Homeowners, property managers, locals, and visitors who need a vetted local service provider.
What occasion or situation fits?
Home maintenance, vacation-home upkeep, repairs, renovations, or local errands around 30A.
What's the atmosphere like?
This is a service provider rather than a walk-in destination. The best fit depends on availability, service area, and project scope.
What's the price range?
$$ pricing varies by project and should be confirmed directly.","cleaning service house deep postparty

B & B Cleaning is listed as a cleaning service for the Watersound Origins and 30A area. The listing supports searches for house cleaning, deep cleaning, post-party cleaning, home cleaning. It is most useful for homeowners, locals, property managers, and visitors who need a service provider near 30A.","2"
"Cinderella's Sisters, Inc.","cinderella-s-sisters-inc","DeFuniak Springs","","Cleaning & Home Care","Cinderella's Sisters, Inc. is listed by BBB as a cleaning-services business and appears on the Watersound Origins vendor list as a house-cleaning provider.","Cinderella's Sisters, Inc. is listed by BBB as a cleaning-services business and appears on the Watersound Origins vendor list as a house-cleaning provider.","Cinderella's Sisters, Inc. | Cleaning Service Near 30A","Find Cinderella's Sisters, Inc., a cleaning service serving the 30A area. Services include cleaning services, house cleaning, residential cleaning. Call 850-333","Cinderella's Sisters, Inc., cleaning service, cleaning service 30A, cleaning service Watersound Origins, cleaning service Santa Rosa Beach, Cleaning services, House cleaning, Residential cleaning","Phone: 850-333-9718; Address: 55 Adams Creek Rd, DeFuniak Springs, FL 32433","","https://www.bbb.org/us/fl/defuniak-springs/profile/cleaning-services/cinderellas-sisters-inc-0683-90106303","Cinderella's Sisters, Inc. is a service business listed on the Watersound Origins vendor list. Cinderella's Sisters, Inc. is listed by BBB as a cleaning-services business and appears on the Watersound Origins vendor list as a house-cleaning provider.

## Services

- Cleaning services
- House cleaning
- Residential cleaning

## Contact

Phone: 850-333-9718

## Source Note
Verified from BBB listing; also appears on the user-provided vendor list.","cleaning service","[""cleaning services"", ""house cleaning"", ""residential cleaning""]","[]","[]","[]","[]","What type of place is this?
Cleaning service in DeFuniak Springs.
What can you get here?
cleaning services, house cleaning, residential cleaning
Who is it for?
Homeowners, property managers, locals, and visitors who need a vetted local service provider.
What occasion or situation fits?
Home maintenance, vacation-home upkeep, repairs, renovations, or local errands around 30A.
What's the atmosphere like?
This is a service provider rather than a walk-in destination. The best fit depends on availability, service area, and project scope.
What's the price range?
$$ pricing varies by project and should be confirmed directly.","cleaning service services house residential

Cinderella's Sisters, Inc. is listed as a cleaning service for the Watersound Origins and 30A area. The listing supports searches for cleaning services, house cleaning, residential cleaning. It is most useful for homeowners, locals, property managers, and visitors who need a service provider near 30A.","2"
